Open,High,Low,Close,hour_sin,hour_cos,day_sin,day_cos,year_sin,year_cos
-1.1527946111081804,-1.170433041325079,-1.1619620023689048,-1.153048826425584,-0.84314755905732,-0.8431475590573172,-0.9773342744429057,-1.0488914836420948,-1.6982667863567669,1.7290455931362754
-1.1801766703317806,-1.1788613369280427,-1.14348497191987,-1.1804322964005076,-0.84314755905732,-0.8431475590573172,-0.9953777373577077,-1.0325318100634189,-1.6982667863567669,1.7290455931362754
-1.1847077120176563,-1.1906712980100975,-1.1459281454791173,-1.1849635715302234,-0.84314755905732,-0.8431475590573172,-1.013134811659193,-1.0158662820796935,-1.6982667863567669,1.7290455931362754
-1.207949401834351,-1.204423717844398,-1.1739251605881904,-1.2082064587822312,-0.84314755905732,-0.8431475590573172,-1.0306002355430166,-0.9988998380465322,-1.6982667863567669,1.7290455931362754
-1.2081366975032035,-1.2215070076262535,-1.1865059485571121,-1.2083937641007456,-0.84314755905732,-0.8431475590573172,-1.0477688336271473,-0.9816375054874679,-1.6982667863567669,1.7290455931362754
